<?xml version="1.0" encoding="UTF-8" ?>
<!DOCTYPE struts PUBLIC
        "-//Apache Software Foundation//DTD Struts Configuration 2.5//EN"
        "http://struts.apache.org/dtds/struts-2.5.dtd">
<struts>
  <package name = "pdo"  extends = "struts-default,json-default" namespace = "/">
    <action name = "actionAddPdo" class = "action.PDOAction" method = "addPdo">
      <result type = "json">
        <param name = "root">relateRes</param>
      </result>
    </action>
    <action name = "actionQueryPdo" class = "action.PDOAction" method = "queryPdo">
      <result type="json">
      	<param name = "root">relateRes</param>
      </result>
    </action>
    <action name = "actionQueryPdoSuccess" class = "action.PDOAction" method = "queryPdoSuccess">
      <result>/homePage.jsp</result>
    </action>
    <action name = "actionAddRelatePdo" class = "action.PDOAction" method = "addRelatePdo">
      <result type = "chain">actionShowAll</result>
    </action>
    <action name = "actionForm" class = "action.PDOAction" method = "generateForm">
      <result>/form.jsp</result>
    </action>
    <action name = "actionShowAll" class = "action.PDOAction" method = "showAllPdo">
      <result>/homePage.jsp</result>
    </action>
    <action name = "actionImport" class = "action.PDOAction" method = "uploadPdo">
		<result type = "json">
			<param name = "root">importRes</param>
		</result>
    </action>
    <action name = "actionLogin" class = "action.UserAction" method = "loginUser">
      <result type = "chain">actionShowAll</result>
      <result name = "error">/loginError.jsp</result>
    </action>
    <action name = "actionRegister" class = "action.UserAction" method = "registerUser">
      <result>/login.jsp</result>
      <result name = "error">/registerRrror.jsp</result>
    </action>
    <action name = "actionShowDetail" class = "action.PDOAction" method = "showDetailPdo">
      <result>/detail.jsp</result>
      <result name = "error">/error.jsp</result>
    </action>
    <action name = "actionShowRelate" class = "action.PDOAction" method = "showRelatePdo">
      	<result type = "json">
			<param name = "root">relateRes</param>
		</result>
    </action>
<!-- 
    <action name = "actionJumpAdd" class = "action.PDOAction" method = "jumpPage">
      <result>/addPdo.jsp</result>
    </action>
    <action name = "actionJumpQuery" class = "action.PDOAction" method = "jumpPage">
      <result>/queryPdo.jsp</result>
    </action> -->
  </package>
  
</struts>